Date,SP500,CVX,DOW,IBM,JNJ,K,KO,NKE,VOO,XES
2018-07-02,,,,,,,,,,
2018-07-03,-0.00494735413740377,0.0038496945351076395,,-0.002097849704053356,0.009289755932776034,-0.003877703206562111,0.005432215399149731,-0.02644820023222827,-0.004046101029916649,0.01104294478527601
2018-07-05,0.00862075320099387,-0.006002501042100872,,0.013289285982431176,0.018659526399464443,0.031741278634525916,0.01526896875734085,0.003578054598462943,0.008576470105461809,0.0024271844660193054
2018-07-06,0.008481296202235589,0.0012580726327264813,,0.007483698873740341,0.005996385740101973,0.004063270933101215,-0.0004627487274408981,-0.000924336458471009,0.008340792578728884,0.014527845036319764
2018-07-09,0.008823039183714743,0.014910370246272509,,0.013385305582113594,0.002367926839226042,-0.018933371874548355,-0.005324074074074203,0.010441448585778668,0.008836702578380429,0.02804295942720758
2018-07-10,0.0034732074550045677,0.01271046550016508,,0.0021772262138037846,0.010589768654284848,0.0023571007660578847,0.012799627647195777,0.003793328973185073,0.003479721622270171,0.006384213580963305
2018-07-11,-0.007094178621538827,-0.03186634066829663,,0.0015931638786299551,-0.008947283572464881,-0.004262198706643239,-0.004136029411764719,-0.002736512900703647,-0.006815735979911475,-0.028258362168396722
2018-07-12,0.008749035695488905,0.005976934085360597,,0.010411394693080833,0.012037413582757228,0.0048708487084869745,-0.002538071065990022,0.00013066771200853644,0.008548037563207211,-0.0017804154302670794
2018-07-13,0.0010792305300737493,-0.0017573221757322122,,-0.0037209302325582616,-0.014305231857269174,0.006903642773207874,0.0016192458940551546,0.00013065064018791261,0.000875412836735423,0.007134363852556502
2018-07-16,-0.001028090429120665,-0.008550590996730723,,-0.003016591251885248,-0.009865470852018055,-0.008023340627279274,-0.0002309468822170313,0.0048334421946441,-0.0006361070250069378,-0.018299881936245654
2018-07-17,0.00397365665748306,-0.008708886446266995,,-0.013543692817520325,0.03540843214756251,0.0007352941176470562,0.011550011550011563,-0.003640145605824263,0.004296455424274814,0.0
2018-07-18,0.0021604883344306103,-0.003155919481405589,,0.007156941502957537,-0.010100206775886744,-0.02380602498163098,-0.002968714318337562,-0.011351774530271475,0.0018221429986136073,-0.006013229104028683
2018-07-19,-0.003952948196134454,0.0011979122101479778,,0.03270248712928714,-0.01454165662408613,0.00918259822369416,-0.00022904260192391224,0.004751220799788847,-0.003795816693685561,-0.00483968542044777
2018-07-20,-0.0009484790461010695,0.004956841295615799,,-0.019379300660019583,-0.0007337355291048286,0.008651551312649053,0.0038946162657502725,0.0001313542624459263,-0.0009525699543559973,-0.006686930091185372
2018-07-23,0.00183808439484201,-0.007738753295348233,,-0.004439352713733413,0.0062005384678143205,-0.004880212954747054,-0.007302601551802845,-0.00485946939847659,0.0019069564181002363,-0.01835985312117505
2018-07-24,0.004780938945058377,0.02082619129242369,,0.0046749136939010505,0.021568150490553828,0.004606925248922478,0.006896551724137945,-0.013857727332717396,0.004718664498988945,0.0012468827930174342
2018-07-25,0.009101545880016992,0.008479556712282843,,0.0016465029708638834,-0.005714739265020974,0.009615384615384803,0.0182648401826484,0.02154710920770886,0.009156208066934957,-0.0006226650062265415
2018-07-26,-0.003032251490652005,-0.007659007659007622,,0.0005717552887365418,0.012852239163406942,0.0004395604395603936,0.0033632286995515237,0.012838988602122514,-0.0029331247555729467,0.019314641744548222
2018-07-27,-0.006562253298748155,0.016275167785234856,,-0.010642857142857176,0.009773013871374525,0.007322788517867496,-0.0006703910614525022,-0.016039322209287388,-0.006511080604040043,0.011613691931540382
2018-07-30,-0.005754180827438504,0.014776291893676685,,0.0023824994585228687,0.004683109584764145,-0.001017737714452016,0.0004472271914133241,-0.01209412383331121,-0.005764143866713978,0.022356495468278004
2018-07-31,0.00488474987511589,-0.01220206621654596,,-0.003889369057908376,0.002641392169049128,-0.004220637461795795,0.008493518104604192,0.012508316699933353,0.00508279394829847,-0.0011820330969268822
2018-08-01,-0.0010403758135703045,-0.006917565675698012,,-0.009833694866232978,0.0009298000929800487,-0.02250803858520911,-0.0050975177304963815,0.008148245498751372,-0.0012642724507132552,-0.013609467455621083
2018-08-02,0.004926493587738445,-0.013019321668463424,,-0.00379728348181696,-0.010450534138411571,0.006429425837320757,-0.004455335263978677,0.014339721027245567,0.005063491435578937,0.00179964007198552
2018-08-03,0.0046441380578801095,0.0023525457906234948,,0.03320627473977433,0.005319565047328334,0.03253602733620564,0.009621839337659477,0.001156663667909008,0.004919903963474637,-0.01017964071856281
2018-08-06,0.0035382963367192044,0.0020117351215425128,,-0.011351543100390216,0.0005447046922419929,0.0007194244604316058,0.00044326241134751143,0.009756097560975396,0.00375998746670847,0.004839685420447548
2018-08-07,0.002824165029469361,0.007026936590262656,,0.006745604592752086,-0.004277492611603706,-0.004169662113587269,-0.003101462117855558,0.0128400711924741,0.002770407366942562,0.006020469596628608
2018-08-08,-0.00026237996116773576,-0.010383784681840869,,-0.0008553710171786966,-0.002186987424822262,-0.0124169794975455,-0.007555555555555649,-0.00037655328228947127,-0.0005058562589983495,0.0005984440454815942
2018-08-09,-0.001441718864821362,-0.010828506673381977,,-0.003781122922165925,0.00023483365949128476,0.004093567251461927,0.004254366323331871,0.009417378201908688,-0.00128474655454347,-0.013755980861244077
2018-08-10,-0.0071138709971333425,0.006619144602851401,,-0.0020051561157259368,-0.0034434183753325742,0.0011648223645894795,-0.005797101449275366,-0.006592859808433937,-0.0067828324172610754,0.01212856276531249
2018-08-13,-0.004005957759204981,-0.007334344967121931,,-0.012198622273249304,-0.004083555834773156,-0.005235602094240788,-0.005382372729311524,-0.007137490608564945,-0.0037678087837041963,-0.02756141402037149
2018-08-14,0.00638924424064391,0.0011040339702759194,,0.004503850065378456,-0.0055196341271092075,0.007017543859648923,0.0013528748590754258,-0.00012611930886630152,0.006461017216247145,0.0012322858903264233
2018-08-15,-0.00760221974957398,-0.03783508652867318,,0.00383280300838873,0.007215350459879533,0.008275261324041994,0.004053141184418019,-0.007063572149344166,-0.007358985399459783,-0.051692307692307704
2018-08-16,0.007919471183698512,0.007229765473461436,,0.009941646855413877,0.015744312367157454,0.0083513318934485,0.0031397174254315097,0.005970528455284452,0.008083914980874463,0.006489292667099189
2018-08-17,0.0033231362802699227,0.0011379551820729361,,0.004993223482416598,0.014957761760830968,0.012708839068970468,0.00827185334227587,-0.003662078545270786,0.003324988264747475,0.009671179883945946
2018-08-20,0.002427959426412052,-0.0004371775815337209,,0.003052026403577379,0.017944410507025,0.0012690355329949554,0.002660753880266098,0.030418250950570158,0.002222308861943967,0.01851851851851838
2018-08-21,0.0020685672284348477,0.0016620013995802818,,-0.003679592414378541,-0.0111769559672944,-0.020278833967047105,-0.010835913312693513,0.009348093480934905,0.002178479732358296,0.017554858934169415
2018-08-22,-0.0003981892866123937,0.00829621867085839,,-0.00497159090909105,-0.005461993627674078,-0.0011499209429352009,-0.0062597809076681,-0.0037777236168656803,-0.00031053489635890497,0.013555144793591989
2018-08-23,-0.001691231454109654,-0.006928806513078145,,0.0008565310492505418,0.0037376048817696628,-0.00043171679378328776,-0.005174353205849358,0.003302752293578015,-0.0014366700318397818,-0.00729483282674781
2018-08-24,0.0061988533346399866,0.007762079190650528,,0.004635572671516153,0.006231476555969229,0.004750935790383215,-0.0013568521031208647,-0.00548646671543529,0.006299335070186984,0.007348438456828088
2018-08-27,0.007670392285776817,0.011250540891388994,,0.00447220841910978,-0.0009817989577826092,-0.006018054162487463,0.0013586956521740579,0.0023292877283316304,0.007535067042775845,0.003039513677811634
2018-08-28,0.0002692682118519141,-0.0041078305519896,,-0.0007067137809186885,-0.004460235863320228,-0.007640190283984438,-0.007010402532790616,-0.0007338551859099596,0.0005369333435605306,-0.009090909090909038
2018-08-29,0.005701427427593275,0.0030076480192489097,,0.0065063649222063535,0.004024603234869861,0.004793724578733283,-0.0009109542245502311,0.002447980416156792,0.0054814474087703235,0.009785932721712465
2018-08-30,-0.004430275493816138,-0.003341329677861604,,-0.010961214165261413,0.000680683708969898,-0.0008674280757554609,-0.00843400957374052,-0.01672771672771678,-0.0040791429987419026,-0.02180496668685661
2018-08-31,0.00013443037712890238,-0.01134703000085957,,0.0037652742256322203,-0.0019650820043836115,0.008537114744610053,-0.008505747126436702,0.012293555196821071,3.827897718577944e-05,-0.003095975232197956
2018-09-04,-0.001654305329620409,0.0034779584383966,,-0.005449784131927093,-0.007194244604316724,0.0015781922525106573,0.004405286343612369,-0.03164867517173697,-0.0013779904306220336,-0.011801242236024967
2018-09-05,-0.002803170482476691,0.0004332380209686182,,0.006760603472815152,0.016018306636155666,0.011029938404240047,0.013850415512465464,0.004053711679756766,-0.002798114147724906,-0.022627278441231913
2018-09-06,-0.0036522883057535926,-0.031006409146024594,,-0.0018378454796069699,0.007432432432432412,0.013034854066307666,0.008424408014571894,0.005929851122886687,-0.002959717097171133,-0.03151125401929267
2018-09-07,-0.0022133041469051262,-0.00545227028959594,,-0.006444302811415614,0.003278932856397576,0.006013986013986061,-0.0011289230074508216,-0.001128809732848457,-0.0023902232160067927,0.005976095617529875
2018-09-10,0.001897843770893859,-0.0010784578053383287,,0.0013542409123306065,-0.0008170541484066041,-0.0009731683581261086,0.007459312839059651,0.022350577599196342,0.0018935734435985285,0.005280528052805211
2018-09-11,0.0037398379635260603,0.004678362573099282,,0.005765534913517056,0.009515313707998851,-0.0075146117450599625,-0.0008974646623288729,0.0065094571358388365,0.0037799892000309754,0.023637557452396596
2018-09-12,0.00035666178420923345,0.006716217426345539,,0.0005661712668081353,0.006111929307805575,0.01346045989904665,0.004940489557601513,0.004392922513727804,0.00011527820473400396,0.023091725465041568
2018-09-13,0.005282250806529776,0.004447607187333169,,0.01626821332578876,0.0038058991436726863,0.004703929164360909,-0.0004469273743017421,0.0057101202770015735,0.005647980942867115,-0.013166144200626895
2018-09-14,0.00027546501938591206,0.009298618490967137,,-0.004175946547884113,-0.0028436018957347375,0.0005508124483613042,0.003353454057679617,0.0002416042522348505,0.000534881943913712,0.01270648030495547
2018-09-17,-0.005569745746958565,0.0010529086601738236,,-0.002655856863293393,0.00336355659549592,-0.0019267822736031004,0.007352941176470562,-0.002777777777777879,-0.0056514434091951005,-0.014429109159347475
2018-09-18,0.005369011354195541,0.005259006047857007,,0.0042046250875964475,0.004153913423699196,-0.01792608935466078,-0.008405220084052312,0.023979653627225428,0.0054531490015361506,0.019732654360280044
2018-09-19,0.00125330973621951,0.011683669020838838,,0.003349616189811444,-0.0005805936570141279,-0.013058129738837354,0.00044612982377878474,-0.00969840331164984,0.0011458253762126613,0.013732833957553092
2018-09-20,0.007840574975498171,-0.0006894768594328804,,0.014049241897343245,0.010819838791663594,0.005548442168160417,0.0149386845039019,0.01110713006091002,0.008011597741492515,0.003694581280788256
2018-09-21,-0.00036850635502849727,0.014316515739542846,,0.001303155006858736,0.006321839080460023,0.005093378607809784,-0.0013181019332162425,0.002126151665485576,-0.0006812504730906443,0.011656441717791344
2018-09-24,-0.0035157543341060027,0.012243856814896592,,-0.008699225974381886,-0.0168475157053114,-0.011402027027027084,-0.010998680158381013,-0.014969354078265051,-0.00337070140887763,0.011522134627046876
2018-09-25,-0.0013050760951849316,0.006131877362452798,,-0.007462686567164312,-0.012997386000580868,-0.0032749537234800785,-0.008451957295373735,0.006222328586813486,-0.0012160364810943625,0.00959232613908867
2018-09-26,-0.00328924803468289,-0.011521122057104649,,0.01810080757449195,-0.003531229309203354,-0.002714285714285669,0.0038133692238673245,-0.012843382090617195,-0.0029296503443290156,-0.02315914489311166
2018-09-27,0.0027632769780832067,0.004307432432432368,,-0.0006838074398251015,0.00044296788482833804,-0.026357255407534752,0.003351955307262511,0.00999879532586423,0.0027856216133710365,0.006079027355623268
2018-09-28,-6.863417982172493e-06,-0.001597847111260653,,-0.001915970986724913,-0.00036897645930178413,0.00014712373105796317,0.004008908685968704,0.0021469465648853436,-0.0001141595951140717,0.0030211480362538623
2018-10-01,0.0036410682297065566,0.01726752021563338,,0.011792129439188281,0.010999557064816035,-0.0019123271550457455,0.0008873114463177068,-0.003094501309211961,0.0036915816714873095,0.009638554216867545
2018-10-02,-0.00039663679353352244,0.0028152686925562165,,0.004946469711342827,0.005695509309967095,0.0076639646278557905,0.005984042553191626,-0.02005730659025795,-0.00011375270162672368,0.0
2018-10-03,0.0007114930065028613,0.0046238956320701075,,-0.0034387431730833473,-0.010310026864154387,-0.024864706742723452,-0.013659396342806773,-0.0031676413255361524,0.0008722032612817898,0.017899761336515274
2018-10-04,-0.008169515742554312,-0.002876633516890048,,-0.012516914749661878,0.002274227862959499,0.006749662516874144,-0.0004467277194550867,-0.028110486433634785,-0.008183988178683821,-0.009378663540445475
2018-10-05,-0.005527965508803745,0.0029673590504453173,,-0.01507365536142502,-0.0017566974088714105,0.0035756853396899935,0.0006703910614525022,-0.0007545271629778583,-0.0056538182373838675,0.0005917159763315638
2018-10-08,-0.00039506925841348295,-0.0038625904010520795,,-0.004243478260869682,0.0020530869628978543,0.012618764845605535,0.012952210808396591,0.0013843443241883246,-0.00026893080794498925,0.0053222945002957545
2018-10-09,-0.0014179577940874877,0.01584027720485115,,-0.0077546458013132424,-0.0013903117225230188,-0.01803254654742692,-0.001984126984126866,0.0022621591051905643,-0.0012681577127048316,0.018823529411764683
2018-10-10,-0.032864175757028824,-0.033298140177048574,,-0.030908962895163095,-0.010551769619696616,-0.0037324574499850716,-0.015241882041086896,-0.06808777429467094,-0.03232136673207886,-0.06062355658198615
2018-10-11,-0.020573073719881707,-0.033941023271444215,,-0.02571926765475152,-0.02821595201066429,-0.016184624606623732,-0.02265589950650515,-0.0057857911733045775,-0.02103463358384039,-0.025199754148739983
2018-10-12,0.014206284338267983,-0.005652665449169425,,0.013124533929903093,0.00022862368541387568,0.004874333587204793,0.0009180628873077801,0.018811747191771477,0.013525588952071566,0.0050441361916770955
2018-10-15,-0.005905035180855278,-0.006996676578625127,,0.0019873399087293464,0.0006095238095238376,0.010610883735031162,0.005044714515019422,-0.012088204038257166,-0.0054903218049934255,0.007528230865746499
2018-10-16,0.021495643069809,0.004844107803417375,,0.028281789465951723,0.019492880529962564,0.017099145042747788,0.013004791238877544,0.03321231679440628,0.02127659574468077,0.011207970112079746
2018-10-17,-0.0002526762327753618,-0.0018406521167499967,,-0.07629661380197161,0.02121144222869531,-0.002801946615543449,0.008108108108108025,-0.012883914627798143,0.0003551136363637575,-0.017857142857142794
2018-10-18,-0.014391946490294405,0.0014927994380049547,,-0.026063418406805927,0.0002925473561035119,-0.0013309671694765601,-0.005585344057193908,-0.011601845748187123,-0.01404173076164561,-0.03824451410658303
2018-10-19,-0.00036116990154511086,0.005699254712845381,,-0.011117287381878893,-0.0032170797689551334,0.023100844069302573,0.01595147157942045,-0.018273976257169644,-0.0008000960115213118,-0.007170795306388533
2018-10-22,-0.0042994746692295305,-0.007846556233653046,,0.0071468722396210715,-0.0027140027873542305,-0.008105369807497542,-0.007961079168509522,0.00923913043478275,-0.0041237938903792015,-0.0157583716349311
2018-10-23,-0.00551185102399232,-0.032513181019332205,,0.009089459416361079,0.0018387761106206657,0.008317525171457563,0.008693713776192658,-0.02073236402800227,-0.006030393181635452,-0.04736490993996001
2018-10-24,-0.030864490329077787,-0.02815622161671205,,-0.03042035398230092,-0.010498494971000749,0.003907380607814925,0.007955801104972293,-0.016772064888644467,-0.029849538909561546,-0.05672268907563016
2018-10-25,0.018625051767629408,0.012429906542056113,,-0.006030478363621472,0.007271108473067223,-0.012685598962087541,-0.0048235036176277335,0.013562639821029121,0.01792712415575748,0.01633259094283579
2018-10-26,-0.01732721755489608,-0.0003692421305270255,,-0.013117979831105964,-0.010827931644077804,-0.019710906701708164,-0.012557832121612655,-0.014070906331907773,-0.017693315858453462,0.005843681519357213
2018-10-29,-0.006559621467715271,-0.023363191430418317,,-0.0412893578134087,0.004244545386849596,0.016383675901102013,0.011601963409192395,0.0016790261648245153,-0.0051701134089393586,-0.042120551924473504
2018-10-30,0.015666824420255576,0.01768154311649006,,-0.035441941074523475,0.023209254041227867,0.022274325908558268,0.025143361270401288,0.032127392093867835,0.015297569153394752,0.02729340409401071
2018-10-31,0.010851291456518197,0.007154139180525876,,0.0002695175635611946,-0.005362707442568393,-0.08873279816513768,0.005378657487091321,0.007172824468804961,0.010485036119711078,-0.0044280442804428555
2018-11-01,0.0105577968389301,-0.004243542435424463,,0.012125022453745249,0.005901639344262355,-0.02265219443133548,-0.00299593408944987,0.023246439129266383,0.010376240859512276,0.005189028910304039
2018-11-02,-0.006316665267828814,0.03196220122290172,,-0.009938770077203007,-0.0009416195856873921,-0.015612425559311194,0.005580596694569673,-0.0026263952724885353,-0.006186067197671119,0.005899705014749346
2018-11-05,0.005600317290107348,0.03671783822605268,,0.03800304741417948,0.010802581019357493,0.002452583387835272,0.014300960512273253,0.012376563528637252,0.0056550040683482905,0.017595307917888547
2018-11-06,0.006259335137365651,-0.0003463803255975284,,0.025472757102150023,0.002582125950365999,0.01957266351329312,0.008627946127946151,-0.012355312784497419,0.006351389619321246,-0.0014409221902018654
2018-11-07,0.02120887695294771,0.016545391545391475,,0.013977770293027936,0.015309772499642271,-0.0017597184450487413,0.005215939912372125,0.018172241243086695,0.021104679208876043,0.018037518037518074
2018-11-08,-0.0025089822274502183,-0.012441414571793707,,0.0009134695233350421,0.0037344983089064865,0.014102564102564052,-0.0008302200083021294,-0.00232798758406616,-0.0016928467383172663,-0.0326009922041105
2018-11-09,-0.009198989607493102,0.0012080421088964677,,0.0012445034431263213,0.0002808002808003529,-0.00268647281921619,0.007270461154964769,-0.018278454757583606,-0.009227857086521074,-0.0168498168498169
2018-11-12,-0.019701475363267495,-0.017667844522968212,,-0.021378853165396228,0.0019650501789598707,-0.010933291079068264,0.0037121055887812116,-0.016506008186980115,-0.019304250915459398,-0.0469448584202683
2018-11-13,-0.001481905348797996,-0.01745920336901219,,-0.00042337002540215884,-0.006443930797786712,-0.013617430310797873,-0.00020546537908372464,0.0013426423200859627,-0.0017046146353342229,-0.03831118060985128
2018-11-14,-0.007567464311691308,0.003214572729707932,,-0.005336721728081306,-0.0029608741628479596,-0.015104758811109287,-0.002055076037813297,0.0,-0.006830101231857566,0.005691056910569037
2018-11-15,0.010593800664796094,0.020560747663551426,,0.010304888434678805,0.0016969525560346366,0.0009894459102903763,-0.0004118616144975773,-0.011665325824617878,0.010356543452453959,0.027485852869846505
2018-11-16,0.0022232803457622463,0.018053375196232402,,0.0010958442215291964,0.010305639867297378,-0.012685337726523915,0.008652657601977864,0.005562338895672481,0.0025524673851389235,0.00472069236821393
2018-11-19,-0.016643094431470606,0.0029983723121733696,,-0.010357022566520713,0.011947180884510633,-0.0006674453529117441,0.00694444444444442,-0.029681597409606075,-0.01656900383915938,0.008613938919342257
2018-11-20,-0.018151208036480848,-0.027844209087803273,,-0.025865736407725715,-0.00869925434962715,0.00033394556687249555,-0.022515212981744415,-0.01932703003337044,-0.018409697965892757,-0.052795031055900776
2018-11-21,0.00304327583661701,0.012739413108416864,,0.011704078958861164,-0.0304359938710127,0.0028375897179102605,-0.013073251711973377,0.017581171132851292,0.0033491020220202117,0.0180327868852459
2018-11-23,-0.006554890129173208,-0.0338336080506636,,-0.011655011655011593,0.0016521801594713281,-0.0023302263648469212,0.005887300252312988,-0.012122056569597195,-0.00646722576876535,-0.03945249597423517
2018-11-26,0.015532409517731827,0.01221154709526795,,0.020265548567435232,0.0002868617326448053,-0.0038371705038371395,-0.0031354515050168175,0.017066290550070473,0.01566437090542583,0.01257334450963965
2018-11-27,0.003261703042884756,0.0019515656879269816,,0.00385273972602751,0.013120160596501451,0.012058281694858453,0.010274690710840861,-0.008597975315490336,0.003142443663427752,-0.008278145695364225
2018-11-28,0.02297393528374414,0.025409473218238166,,0.024818763326226012,0.022503715236005917,0.005626344530862193,0.006849315068493178,0.03566932438103243,0.023370842092246713,0.015025041736226985
2018-11-29,-0.0021831116812874862,0.006043861163874897,,-0.012400133155792248,-0.004083327565921557,0.01053151225933835,-0.006802721088435382,-0.004321988114532771,-0.0020944095376188576,-0.004111842105263164
2018-11-30,0.008170794068229847,0.0007723995880535295,,0.023004971770455906,0.007227241139680318,0.015306953264940582,0.02905770029057697,0.013564839934888662,0.006659670649015181,-0.028075970272502082
2018-12-03,0.010941355061463431,0.01457850956178719,,0.008319604612849973,-0.004691596522699126,-0.008340016038492437,-0.01411859620814837,0.03747323340471098,0.012349143979792254,0.03398470688190325
2018-12-04,-0.03236488351007216,-0.028484489899416876,,-0.02957274732456494,-0.0012477471232494874,-0.02199579492155912,-0.0022504091653027247,-0.027476780185758498,-0.031011129153629913,-0.05916187345932622
2018-12-06,-0.0015221883958135285,-0.011310248825474156,,0.019025170468894625,-0.0008328706274292053,-0.007607077889862701,-0.0041008816895633515,-0.003316089667064648,-0.0025341289953404456,-0.048034934497816484
2018-12-07,-0.02332016543333515,-0.003607884547694451,,-0.036926889714993805,-0.0032647957766046565,-0.0069988335277453295,-0.005764875437512917,-0.029145594889539495,-0.023233896082609395,-0.014678899082568808
2018-12-10,0.001762194844060927,-0.004769054137596096,,0.0150111511408475,-0.0011847515506308026,-0.008894109749958079,0.003106233174570372,-0.011377655928718311,0.0011746444602929174,-0.036312849162011274
2018-12-11,-0.00035636837875119287,0.004614428964415662,,-0.0020282261472153174,0.008582193692436624,0.00948188283101925,0.005986787778695213,0.014697726012201873,0.00029331657238640396,-0.009661835748792202
2018-12-12,0.005419488922094429,0.0012366398728027583,,0.0022863917351172436,0.004081632653061051,0.002180476350218008,-0.006361584239688023,0.010112052473353339,0.0055294906166218905,0.024390243902439046
2018-12-13,-0.00019991927787654795,0.002823114247904712,,-0.003548496113551902,0.005029626567452317,0.0008368200836819106,0.004956629491945419,-0.018668831168831113,-0.000333277787035402,-0.02571428571428569
2018-12-14,-0.019086676677205427,-0.0182106096595408,,-0.006867898931660177,-0.100363337218071,-0.011371237458194017,-0.002671598849157353,-0.005514199062586211,-0.018461410235039222,-0.040078201368523914
2018-12-17,-0.020773476413007863,-0.012096774193548376,,-0.03167420814479638,-0.029032995504076675,-0.018606224627875423,-0.02039975273026995,-0.03617965067923479,-0.020379569481594695,-0.010183299389001976
2018-12-18,8.641209140813899e-05,-0.024126984126984108,,0.004672897196261738,0.00988855752629103,-0.006549465701482293,-0.00021034917963813626,0.017834028476916286,-0.0003900663112729186,-0.02263374485596714
2018-12-19,-0.015395733182517968,-0.017380797471884035,,-0.0018429135585783518,-0.021526266708113195,-0.002602359472588467,-0.008626130864717085,-0.030662710187932762,-0.01595560180367661,-0.04315789473684217
2018-12-20,-0.015772090500047797,-0.026485054861899338,,-0.029277299103217858,0.005162417599873015,-0.023308401461123784,-0.007640067911714787,-0.02084548104956263,-0.016434614028903893,-0.037403740374037375
2018-12-21,-0.020588306814405377,-0.00728721336960747,,-0.01847658726564616,-0.0014222503160556954,0.005520926090828215,0.0006415739948675281,0.07160934941193986,-0.019889799758097015,-0.026285714285714357
2018-12-24,-0.02711224768478282,-0.03092884408339036,,-0.030358955430469736,-0.040987498021838875,-0.031526744597945466,-0.03376789912374434,-0.058905251458738705,-0.027560674619498182,-0.02699530516431925
2018-12-26,0.049593807154098,0.06342793657206336,,0.03549676437000393,0.03151815181518147,0.023774689100219515,0.021234240212342437,0.07204015352819626,0.05057341605564969,0.06875753920386019
2018-12-27,0.008562629168861635,0.017950422642226238,,0.021505376344086002,0.00551911694128937,-0.00017863522686667466,0.012562269872211429,0.009088405397961852,0.009305654974946176,-0.010158013544018019
2018-12-28,-0.0012415472330372657,-0.006157865273372032,,-0.006567701304543427,-0.001113674329806691,0.0019653385742361973,-0.0068449197860962485,-0.004503275109170257,-0.0012854609929077165,0.019384264538198304
2018-12-31,0.008492440882795549,0.001314307172362028,,0.005614924832457957,0.014016086644899284,-0.004279600570613273,0.003230669825543764,0.010829335161069098,0.009009808708002387,0.003355704697986628
2019-01-02,0.0012685242435728217,0.017438589911869418,,0.013598703170028648,-0.010052619178512523,-0.006446991404011615,-0.009016745384285096,-0.0010848928668293345,0.0007917656373712667,0.024526198439241753
2019-01-03,-0.02475667621502542,-0.019166973829708778,,-0.019991115059973308,-0.015946053153510387,0.0018024513338139592,-0.006065857885615089,-0.017648655986967077,-0.023866033755274296,0.007616974972796564
2019-01-04,0.0343356931888279,0.020762871101089875,,0.039075249320036365,0.01676878426314099,0.009895645915797058,0.019834350479511764,0.026119402985074647,0.033004637759466826,0.05831533477321815
2019-01-07,0.00701043468644591,0.012977450529222168,,0.007067446121629795,-0.006343165239454551,0.004632104044183016,-0.013036973712331701,0.01441077441077443,0.00749716676837231,0.04489795918367334
2019-01-08,0.009695296290921585,-0.004361257495911319,,0.014208975914053124,0.023220555378231644,0.005497428622096123,0.011260285838025297,0.01327668613913957,0.009734360128060837,0.001953125
2019-01-09,0.0040980263439003295,0.013414856725679769,,0.007175807278318791,-0.00795445683537388,0.0010582010582009804,-0.019057815845824444,-0.0018343815513625072,0.0045846008826428974,0.0350877192982455
2019-01-10,0.004518445159692908,0.0016208914903197424,,0.009075487701441842,0.0060529832560334285,0.005990133897110672,0.010696354507749195,-0.002231556839065396,0.004179817452870438,0.0037664783427495685
2019-01-11,-0.00014634296629478794,-0.008091342263777834,,-0.0026897537194250365,0.00031254883575559944,0.004903677758318681,0.005831533477321793,-0.004999342191816969,-0.00042473666326869886,-0.008442776735459678
2019-01-14,-0.005257562801876614,-0.007250974349678252,,-0.008765276021913238,-0.011326355256991216,-0.0006971070059254014,-0.004079879750912507,0.0006611133148222148,-0.0055239228350472125,-0.0037842951750237663
2019-01-15,0.010721711756711327,0.003560668310051973,,0.01113850863021848,0.0083748123567986,0.013079874433205463,0.008840017248814114,0.023520084566595933,0.011707400444368465,0.01139601139601143
2019-01-16,0.002221966823736654,-0.006368267831149965,,-0.0009249915909855799,-0.010185693018882724,-0.003098640041315326,-0.013678136353921788,-0.0024528789052413735,0.002196131430019399,-0.00187793427230043
2019-01-17,0.007591452926111408,0.0050357077458340616,,0.0046292399629661585,0.008232407187524826,0.0025902262130894638,0.0030335861321777458,0.01863595185712441,0.007458912768647297,0.012229539040451431
2019-01-18,0.013183052853609212,0.021499498952354923,,0.013404825737265424,0.012404804899112776,0.0025835342748881107,0.011665586519766569,0.016643374412399936,0.01346885849332824,0.03159851301115246
2019-01-22,-0.014157284018107563,-0.017747257647373504,,-0.010499338624338606,-0.014501744862349675,-0.012197216973028668,0.0023489216314327432,0.0037490627343164107,-0.01328985925956494,-0.03963963963963957
2019-01-23,0.0022028941471379238,-0.008443798801525348,,0.08463530787868656,0.0,0.007304347826087021,0.011504047720494182,-0.0031125498007967822,0.0014640063579705043,-0.025328330206378924
2019-01-24,0.001375677416909804,0.01904587491987919,,-0.0026960406716992624,-0.013692162417374809,-0.024861878453038777,-0.012005054759898881,-0.0007493443237166497,0.0010024225210927273,0.02887391722810384
2019-01-25,0.0084887201825663,-0.0026058046545063274,,0.010813315826060155,0.009414392851444076,0.0021246458923513956,-0.0066083990620335875,0.002124734408198936,0.00851205874989569,0.036482694106641844
2019-01-28,-0.0078468605052614,-0.009279279279279296,,0.0022923511882018133,0.005927916534935296,0.005830388692579458,-0.0042918454935623185,-0.0036168620603642676,-0.007736863880843936,-0.027075812274368283
2019-01-29,-0.001456209694195909,-0.003000818405019534,,0.0003811847221164566,0.010371650821089151,0.0019321974354469251,0.004956896551724155,-0.0012517211165351538,-0.001250886044281363,0.0
2019-01-30,0.015549242424242493,0.010580080262677871,,0.0003810394756897928,0.01003188428338131,-0.007012622720897643,0.009650439631138763,0.013284872791076374,0.015822652694860828,0.019480519480519654
2019-01-31,0.008597377892989533,0.014440433212996373,,0.00030471547192800763,0.010933169079150096,0.020480225988700473,0.005522514868309347,0.007297464440321644,0.00834292289988503,-0.007279344858962755
2019-02-01,0.000898635405495396,0.03247330960854078,,-0.00236082552737793,0.008453922315308393,-0.00519031141868509,0.011829319814110617,-0.004420432220039294,0.0008151620134502213,0.028414298808432603
2019-02-04,0.006776204217207926,0.011546747091770726,,0.008091603053435037,-0.009817989577826314,0.0036521739130435105,0.011482254697286143,0.005796743956586026,0.007167582976990383,0.025846702317290582
2019-02-05,0.004708481505539597,-0.002129653292443967,,0.0027260336210812586,0.0,0.003812164269624052,0.00020639834881319707,0.010668301655426093,0.004407423880959049,-0.0026064291920069316
2019-02-06,-0.002224495014062744,-0.005036708212395435,,0.005663797009515248,0.0009152619937455864,0.00034524426031423694,0.0,-0.0018199466148993704,-0.0012077294685990392,-0.0008710801393727596
2019-02-07,-0.009357119061652264,-0.00549120549120552,,-0.011564166103476659,-0.007162996266097621,-0.056082830025884434,0.0030953363598844597,-0.003889631700498275,-0.009834744054816547,-0.04010462074978216
2019-02-08,0.0006762624489569102,-0.005435251488223547,,0.0038744966952821702,0.0026095632819096437,-0.008592321755027554,0.0016457519029005052,-0.00036607687614398365,0.0013026133680695828,-0.01089918256130784
2019-02-11,0.0007090417596054,-0.005378209576682891,,0.0021189647343726747,-0.0029855316542906074,0.005531993361608034,0.002259190798931998,0.0159912109375,0.0005284982518904968,0.018365472910927494
2019-02-12,0.012890250202966858,0.01508808651665805,,0.015330010572421005,0.016354422604422547,0.015404364569961526,0.0010245901639345245,0.012375345428331075,0.012921051562309493,0.012623985572588037
2019-02-13,0.003023976857468691,0.007217114872411834,,0.010859055410933571,0.0021908287376293245,0.007585335018963413,0.002661207778914987,0.008070258723000157,0.0030486581892574804,0.0
2019-02-14,-0.0026516238471793185,-0.001876652733941775,,-0.007578544625119532,-0.001055329413538253,-0.006632012905538609,-0.08432013066557775,-0.008358841535201278,-0.002239552089582042,0.00979519145146912
2019-02-15,0.010878709851296353,0.010084608153149155,,0.011343416370106718,0.015393902807123494,0.003789245759653559,-0.0078037904124861335,0.008191855633384648,0.011022485871177157,0.02733686067019403
2019-02-19,0.0014987750396311394,-0.0003384381081309451,,0.00483835495931384,-0.005053507728894235,0.010965306489304272,-0.008988764044943753,-0.009420631182289196,0.0017443704408499627,0.007725321888411907
2019-02-20,0.0017771318387196366,0.008125264494286855,,-0.005033924272269674,0.004855094114132097,0.01795874822190613,0.005895691609977272,0.003209700427960094,0.0022953933829348294,0.01873935264054527
2019-02-21,-0.003526412180845262,-0.009487028796910435,,-0.0011731925502272977,-0.00683862335538532,-0.002096069868995576,0.016907123534716018,-0.010546273255125027,-0.003632630498302092,-0.03177257525083621
2019-02-22,0.006411088047050706,0.002119003220884874,,0.010277492291880908,0.008756829578624226,-0.027306143882373624,-0.012635779206384368,0.009700598802395266,0.005983989854957628,-0.005181347150259086
2019-02-25,0.0012317960947767492,0.001860779835913151,,0.0014532771399504707,0.0036355542365336113,-0.01889508727730782,-0.007409070498428316,0.0048630055746647916,0.0014969470159542642,0.004340277777777901
2019-02-26,-0.0007903837831845228,0.002701561840438904,,0.001886518647511437,-0.0005914097730466139,0.004585473220836356,-0.005654829224157387,0.0073182247403211775,-0.0007473547575030937,-0.016421780466724267
2019-02-27,-0.0005440423780378456,0.0011787488423002923,,-0.0039107763615297,-0.0017752792366300119,-0.00273872557969701,0.005686988171064611,0.004335598781345151,-0.0005117304361517139,0.008787346221441172
2019-02-28,-0.0028255466662847617,-0.00420486081910687,,-0.0074887305511124325,0.00563171545016683,0.008971072867081764,0.008821533589685515,-0.005133590012833977,-0.002323657989051209,-0.015679442508710784
2019-03-01,0.0068953381050032014,0.020521915378768796,,0.007764998901179432,0.012526711369832633,0.010161495191435277,0.0008968609865471766,0.019350299050076236,0.006868782567503562,0.023008849557522026
2019-03-04,-0.0038806002090102654,0.000744786494538241,,-0.005597150541542306,0.0009460737937558861,-0.02963894377582177,0.005824372759856589,-0.017487344684767536,-0.0038422332000312975,0.009515570934256035
2019-03-05,-0.0011314768996100177,0.00959232613908867,,-0.00394736842105281,0.002108477533808495,0.0029618659755645815,-0.0008908685968819219,-0.0023419203747072626,-0.0011413727959698194,-0.016281062553556103
2019-03-06,-0.0065241159285216455,0.001965762961749551,,-0.006531630706003155,0.0022491475005439465,-0.0055370985603543366,-0.0033437360677663897,-0.0036384976525821733,-0.006422632885456414,-0.03745644599303133
2019-03-07,-0.008125710368218741,-0.012915883266574002,,-0.011819457782374143,-0.006080787606775551,-0.0029695619896066283,-0.0038022813688213253,0.0015313935681469104,-0.008050444162436499,-0.01990950226244348
2019-03-08,-0.0021317385309919112,-0.002567287784679073,,-0.002018389773491891,-0.001310997815003656,0.004653760238272575,-0.009654243376740035,-0.005410491649023741,-0.001998960540518957,-0.02216066481994461
2019-03-11,0.014666049353461608,0.01643972102291591,,0.019400749063670508,0.0036464410735121966,-0.007411524921252521,0.029925187032418865,0.01206244087038777,0.014581580739494449,0.031161473087818692
2019-03-12,0.0029533287823806376,0.0022055219735337417,,0.004188404732162532,0.00443249527684908,0.00018667164457708552,-0.00286154523442661,-0.0045571395185791674,0.003553519958936935,0.024725274725274637
2019-03-13,0.006949618845646821,0.006275980112478541,,0.001975706132006483,0.0016638935108155284,-0.010265024262784528,0.0037527593818984517,0.00586923347810786,0.006806468111893782,0.018766756032171594
2019-03-14,-0.0008680432029370966,-0.0005669852583832791,,0.0016796903527349638,-0.009966777408637828,0.003771450122572073,-0.002639102705080165,0.010969774769518104,-0.0003516998827667317,0.004385964912280604
2019-03-15,0.004984902865607044,0.005673069130399666,,0.0045931758530184386,-0.003063904289466124,0.008641743377794553,-0.008820286659316445,-0.0008080341683018855,0.00488643915405973,-0.006986899563318771
2019-03-18,0.0037059607153993035,0.004512853574018871,,0.0055882139487626326,-0.003073320649787714,0.0,0.002447163515016726,0.011783733826247644,0.003578930988874296,0.041336851363236615
2019-03-19,-0.0001306063665308388,-0.004733253108704427,,0.0020207852193996345,0.009248385202583531,0.0026075619295957697,0.0033288948069241098,-0.0014843571591687255,0.0003101015582602784,-0.010979729729729604
2019-03-20,-0.0029443226469249018,-0.004675157182008727,,-0.006338231057332111,-0.008290909090909016,-0.005573100501578998,-0.0006635700066357497,-0.011435105774728394,-0.0035650623885918886,0.013663535439794927
2019-03-21,0.010852515552911779,0.00931324910916742,-0.016299918500407462,0.013192229631777241,0.005866823115282971,0.04371380534279834,-0.00044267374944673143,0.01526894158473091,0.011433460371781834,0.002527379949452513
2019-03-22,-0.018974527826038257,-0.021985075824440314,-0.007870753935377062,-0.014093575618829624,-0.008603091280256714,0.004653660282799343,0.009078830823737949,-0.06619573886293728,-0.019032605352199305,-0.05378151260504205
2019-03-25,-0.0008390729493592541,-0.0016408236934941645,0.01127348643006254,-0.0018866555402364815,-0.0022062067951168496,-0.0012471049349723762,0.0021944261575599366,0.001708150317227819,-0.0008623054913181605,-0.000888099467140302
2019-03-26,0.007182778484540853,0.010107650587558581,-0.005986787778695324,0.007415485278080558,0.01437205188679247,0.015875847306457302,0.013356689292752355,0.012789281364190108,0.007218233886469694,0.016000000000000014
2019-03-27,-0.004644380264399728,-0.010820045558086577,0.02554517133956402,-0.0069279064732624684,0.0009445615054857193,-0.010886742756804346,-0.0006482281763180442,-0.0034876728803368007,-0.00467380720545274,-0.007874015748031482
2019-03-28,0.0035895443381801506,0.0018916029278723823,0.014985824220332011,0.00486883220696166,0.0013066202090592505,0.0005325758920646795,-0.0006486486486486642,0.011465121892348495,0.003913128546272793,0.0185185185185186
2019-03-29,0.006734293751598397,0.0013134132326384496,0.015363128491620248,0.008388776395718889,0.006524575902566276,0.007097232079488869,0.0060579835569019025,0.0020283975659229903,0.006431494835314577,-0.0025974025974027093
2019-04-01,0.01156858594411525,0.014264633546482886,0.036156415798781705,0.01563396442914522,-0.005762028233938454,-0.02360817477096544,-0.0030107526881720803,0.012026673017385026,0.011502711076684768,0.03472222222222232
2019-04-02,1.7438676892522764e-05,-8.082767539607794e-05,0.05139389341930589,-0.002118344866544386,-0.00920023181686458,0.005774088776614894,-0.0032355478861086917,-0.010001176609012785,0.00034460313205952886,-0.01090604026845643
2019-04-03,0.0021484075277968806,-0.008325923530838164,0.011183261183261184,0.004387206340220828,-0.0038751188126051606,0.00556153570147111,-0.008439731659813932,0.0011884953648679808,0.0018755262956442476,-0.01526717557251911
2019-04-04,0.0020846384074615365,0.007336159113139784,0.04976810560114164,-0.005917993518388065,-0.011670581327069884,-0.0037466547725244492,0.006547359231776406,0.009496676163343043,0.0024068767908309585,0.011197243755383335
2019-04-05,0.004636398681665099,0.013027998057938195,-0.04129141886151233,0.003543586109142405,0.00445599702933519,0.00626790830945545,-0.0002168256721595263,0.0014111006585135755,0.0048021952892751685,0.029812606473594627
2019-04-08,0.0010474498226595852,0.0020768431983386737,-0.0015951790145338762,0.000776836158192129,-0.00029574861367831495,0.012279765082755079,0.001734981565820748,-0.007867543447627967,0.0008724017599757161,0.00496277915632759
2019-04-09,-0.0060674708281390766,-0.009007572738142788,-0.015444700869873929,-0.008961964575541659,-0.00414170549515569,-0.005801687763713148,0.0025979649274736616,-0.005207716889572667,-0.005305642930230725,-0.016460905349794275
2019-04-10,0.0034778681120144483,-0.00040218790218793377,-0.00991705733862247,0.006408430646539509,7.42666171555939e-05,0.006719717064544772,-0.0006478082487584302,0.007019631171921503,0.00342896331009257,0.009205020920502127
2019-04-11,3.808587325715429e-05,0.003943027279311284,-0.014751411400473424,0.005306353473892633,-0.002747660775285987,-0.0035130862462674495,0.0015125324114089178,0.0014177693761814325,-0.00018984698333146532,-0.004975124378109541
2019-04-12,0.006609378462220095,-0.049454953510740585,0.06210720887245835,0.004011541980434963,0.005733859557673693,0.0038780186849991516,0.0006472491909386147,0.014629542236904047,0.006759835941060333,-0.0024999999999999467
2019-04-15,-0.0006294261903205811,0.003204317396070522,-0.008875739644970349,-0.003154353007149835,0.003924181845105901,0.013520632133450228,0.005605864596808896,0.006860465116279135,-0.0006789890607318272,-0.005847953216374324
2019-04-16,0.000509364739569973,0.008573589980667373,0.012467076382791875,0.00864918078897392,0.01098901098901095,0.0006930006930006005,-0.0010720411663807106,0.01120221734611393,0.0007171976445718986,0.025210084033613356
2019-04-17,-0.002273774879087531,-0.007417284773731159,-0.003121748178980255,-0.04155047406581158,0.003647505106507243,-0.005020775623268636,0.006868426701008623,0.010507080858839668,-0.0024140922635886852,-0.003278688524590123
2019-04-18,0.0015790653174507785,-0.0034424853064651817,-0.009394572025052228,0.008728542333430456,-0.007195813344962998,0.006090133982947554,0.00426348326582815,0.005311934900542381,0.0018527621280295392,-0.012335526315789491
2019-04-22,0.001012037741434657,0.01701912545286044,0.0021074815595363283,-0.010239400057686865,0.0021963540522731417,-0.0015565548253200223,-0.0016981532583315584,-0.020573355817875227,0.0009812801932369553,0.035803497085761915
2019-04-23,0.008841219132246891,0.0009941181343717798,-0.004381352961794649,0.011146728835786046,0.015048579151143215,0.0012125411397887476,0.017223049117584655,0.0008034894398529779,0.008634341301560822,0.006430868167202508
2019-04-24,-0.0021917864252406494,-0.030621534387155536,-0.028692131666960052,-0.003458462425246722,-0.005037783375314797,0.0024221453287196493,-0.004807692307692402,0.010895744924876771,-0.0019812343463794235,-0.04712460063897761
2019-04-25,-0.00036894696387390624,-0.0032442585161785997,-0.011779630300833621,-0.009471477116622107,0.0032549728752260254,-0.010700724887814927,-0.0029405587061541727,-0.009303380984796994,-0.0003745598921268689,-0.021793797150041927
2019-04-26,0.004685305365033532,-0.006766595289079302,-0.0012836970474967568,0.005839416058394331,0.005335255948089479,0.02512212142358683,0.008847693279966373,0.00847457627118664,0.0046088129496404395,-0.005998286203941716
2019-04-29,0.0010714723049920494,0.005260434632631927,0.0044069041498346895,-0.002757619738751993,-0.003944348823866961,0.004084411164057222,0.003132177907705147,-0.0004542357483534598,0.0012681362127484608,-0.005172413793103514
2019-04-30,0.0009514004274504551,0.019902204683881042,0.0221206581352833,0.00873235336923317,0.009719922240622347,0.011016949152542255,0.013322231473771762,-0.00488525335151091,0.0005960141553362774,-0.036395147313691534
2019-05-01,-0.007502130129708795,-0.01875683404827999,-0.010552673940261048,0.0020920502092049986,0.005347974900171026,-0.015088013411567402,-0.00965488907148726,-0.022034478821783332,-0.007296824392241663,-0.03147482014388481
2019-05-02,-0.0021239991380873624,-0.012086404937424966,-0.061099060014461415,-0.0069109495356706185,-0.00475211007872911,-0.033872340425532,-0.003941091059946,-0.007354657950034982,-0.0019501218826175615,-0.00928505106778088
2019-05-03,0.00963832295922562,0.007635574837310255,0.01135926068540627,0.004711852120333537,0.0051311288483466555,-0.015856236786469302,0.006663890045814247,0.005057038692226179,0.009469056476158144,0.025304592314901564
2019-05-06,-0.004471014787957861,0.009644364074743894,0.003045878545592906,0.0009379509379510154,0.0005672149744753163,0.016469745793054047,-0.005171700455109618,-0.024806927217411512,-0.0039456541969105086,0.006398537477148025
2019-05-07,-0.016511677868827124,-0.0011087420042643625,-0.009489466691971926,-0.01953434729330339,-0.014880952380952328,-0.004226840436773571,-0.009565398211686449,-0.012359011279097665,-0.0162188422586792,-0.026339691189827374
2019-05-08,-0.0016053813214057522,-0.0064890710382513594,-0.008813949032381752,0.0026466696074105567,-0.0012947777298231156,0.0015917934205873507,-0.0031492756665968402,0.002794314178107271,-0.0019753086419752597,-0.011194029850746356
2019-05-09,-0.0030214418181440106,0.031368167755242427,0.008505702687028993,-0.00762575157647738,-0.007562662057044145,0.009535581847077479,-0.009477674810446368,0.0025442209837653884,-0.0030449510904732024,-0.002830188679245227
2019-05-10,0.0037203210344445292,0.006582784767935834,0.0026835345984281833,-0.00014777597162707323,0.0023223746280574,0.014693020815112812,0.016797788645545486,0.011722054380664648,0.004657732982094265,-0.011352885525071077
2019-05-13,-0.024130630943291487,-0.012665562913907302,-0.039954119671191,-0.02882057345551292,-0.013322713778871953,-0.014652646095500765,-0.0029276453366792188,-0.01696129956999526,-0.024510735322059607,-0.05550239234449761
2019-05-14,0.008016017810211773,0.009893518906682441,0.030067702110712746,0.014381372698219597,-0.002788581492625064,-0.01049685094471653,0.013213087248322264,0.013851761846901622,0.008648227502921824,0.03444782168186444
2019-05-15,0.00583895766667486,0.004151100041511091,0.00889232553643926,0.008176430875403318,0.0006623003900214641,0.003359264497878378,0.010142827571931079,0.0040747842761266195,0.00594778309902666,0.011753183153770719
2019-05-16,0.008895249319527565,-0.0012401818933444053,0.0005748227629813751,0.011011904761904612,0.009486689219002864,0.0005286343612334043,0.00819672131147553,0.003222726187634306,0.009137679490132777,0.00968054211035807
2019-05-17,-0.005837319908772343,-0.0023178807947019653,-0.04117196476445806,-0.011480718280836077,0.0029139651781160403,-0.006516379006692552,-0.007723577235772439,0.003450327186198754,-0.00604930756353661,-0.03643336529242558
2019-05-20,-0.006749360908960611,0.002655160969133874,-0.014180147793089737,0.005955926146515855,-0.0013801118616982855,-0.010281864917567773,-0.007169192953707548,-0.020393644771164343,-0.006813397129186494,-0.010945273631840946
2019-05-21,0.008495790833841,0.004137702747434524,0.010940032414910927,0.009843102427471662,-0.0021821355833574474,0.0017911517105499986,-0.005157829585310525,0.009561849431130476,0.008478822214514237,0.01307847082494984
2019-05-22,-0.002824365652362215,-0.006345805175539843,-0.008216432865731371,-0.0007328691828508704,0.0046654031199881985,0.005185052744502094,0.021775197013687464,-0.005275146864884284,-0.002751557305002539,-0.04071499503475673
2019-05-23,-0.011914139769699683,-0.022393630256282604,-0.02990503131945854,-0.029042904290429106,0.0074009577710056895,0.00462468872287447,0.0038563020093362876,-0.00674942750391716,-0.01168806284728885,-0.06107660455486541
2019-05-24,0.001353534780883292,0.00712649529142273,0.009997917100604159,-0.0008308784651407386,7.202535292405443e-05,-0.009383852691217998,-0.004650222401941018,-0.005824535857298696,0.001744862349748244,-0.011025358324145529
2019-05-28,-0.008375618352052028,-0.0033695560609888764,-0.01299236956073424,-0.013758693680072542,-0.012819589485055793,-0.03538873994638081,-0.010359536867763475,-0.011717319663127168,-0.00898006580220645,-0.0033444816053512794
2019-05-29,-0.0069119572935958384,-0.013016651170653426,0.0031341412452987605,-0.005902192242833171,-0.04187641351134441,-0.03224013340744858,-0.010057471264367845,-0.028652587378041217,-0.006874194430340097,0.0011185682326622093
2019-05-30,0.0020984398243635294,-0.011903742399588912,0.00958133722141219,-0.0009252833680315486,0.005939237036473033,-0.01340225923798577,0.01326974911880563,0.0049586776859504855,0.0027923073897824224,-0.01564245810055853
2019-05-31,-0.013195355808466647,-0.013260530421216887,-0.03527955436352381,-0.019912016670525556,-0.007266671712966577,0.019988356297302667,-0.0024554941682013443,-0.024038461538461564,-0.01341281669150518,-0.022701475595913845
2019-06-03,-0.0027652013400870645,0.01879666227492316,0.02566295979469646,0.010079533821560904,0.002211208539839804,0.023592085235920823,0.017230769230769383,0.01063002333419738,-0.002941644140562971,0.022067363530778206
2019-06-04,0.021432345278653342,0.011294077075610032,0.041075896580483606,0.03445856396663283,0.017422398052343135,0.014869888475836479,0.000403307118370666,0.04694715238583913,0.022007814368870005,0.013636363636363447
2019-06-05,0.008161896642135735,0.0029838022165389333,0.008211496094532311,-0.009043635541487571,0.004860539893815963,0.0075091575091574825,0.01572263656520856,0.013477088948786964,0.008465319497542367,-0.020179372197309364
2019-06-06,0.006135555437609463,0.025754356141096446,0.014302741358760418,0.005551752985017755,0.01711564220866202,0.013815669878204151,0.012105576503274484,-0.0032640232108316347,0.006498781478472715,0.0011441647597254523
2019-06-07,0.010497663083042452,0.0066291017567119415,0.0047003525264393,0.008243836030857654,0.013681592039801016,0.0039447731755424265,0.0017647058823531125,0.011643420254699777,0.009954264191552209,0.012571428571428456
2019-06-10,0.0046600819951694294,0.00666776424102733,0.006237816764132598,0.010726877203510732,0.0033922771562613363,-0.021789605286658298,-0.002153063221765672,-0.009950845222395421,0.004718776162569549,0.003386004514672747
2019-06-11,-0.00034987685027698667,-0.009158557527189526,0.008136381247578539,0.008980258275196551,0.00546683930369718,0.016249771772868238,-0.000980776775205916,0.00823443933155743,-0.00018937959245490799,0.0056242969628794715
2019-06-12,-0.002037619727485618,-0.008087810514153748,0.008647194465795538,-0.00794409709451993,0.013592788667906808,0.010061085159899452,0.00608678578441002,-0.007566658659620584,-0.0018941546387847286,-0.05257270693512295
2019-06-13,0.004097449858325275,0.005990515017888276,0.007429986664126531,0.006598947134277333,-0.006846414455110139,0.006937033084311706,-0.002146760343481602,0.011860099237565036,0.004440733290317578,0.03659976387249109
2019-06-14,-0.0016115422390061696,-0.0008270614506656893,-0.03271558245083217,-0.004493223335297447,-0.004406225570321998,0.00035329447094167854,0.0035204380989635187,-0.0020332496112905885,-0.0014737001209189637,-0.038724373576309756
2019-06-17,0.0009317695307899942,0.004800927075573114,-0.035190615835777095,-0.0014798372179061214,-0.0046398743664787245,-0.0014126787921597828,-0.008575326447086473,-0.01593959731543626,0.0009082308420056417,0.0308056872037914
2019-06-18,0.009717372571954597,0.012686382733338775,0.005268490374873203,0.01059651722860333,0.005665519219736126,-0.018567639257294433,-0.004521328877530872,0.026671538180489618,0.009943665166924909,0.021839080459770344
2019-06-19,0.002985176934281464,-0.0003253884324412315,-0.022374521265873804,0.005132717407244636,0.001568851173072705,-0.007927927927927847,0.009478672985781866,-0.008896797153024938,0.0026579814315663697,0.01237345331833506
2019-06-20,0.009472195075278522,0.011310928472617832,0.0088659793814434,0.012912168077035213,0.012531149875400605,0.00236106066109687,0.010563380281690016,0.020227408737283126,0.009334279206959728,0.040000000000000036
2019-06-21,-0.0012592326804730103,0.0052301255230124966,-0.011649294911097452,0.0025207057976233127,-0.000843822515997461,0.007247689798876689,-0.0021293070073558074,0.005983106522759352,-0.0011837383938149149,-0.0010683760683760646
2019-06-24,-0.001731933325650914,-0.00016008965020419819,0.02522746071133164,0.0010775862068965747,0.006826659159687498,0.0035977693829825075,0.007177497575169722,-0.014577259475218707,-0.0012962482871003989,-0.021390374331550777
2019-06-25,-0.009496324715228988,-0.010167320470738872,0.0022186365469947233,-0.007104413347685523,0.008248287431846801,-0.02258469259723961,-0.0030816640986133237,-0.022248520710059116,-0.009901357264703758,-0.0010928961748634114
2019-06-26,-0.0012339839170762978,0.002345519249433936,0.015294827933185928,0.001156403584851029,-0.016569606211869203,-0.019805611589950423,-0.012364760432766575,-0.0008472524812395132,-0.0009738192441663962,0.02844638949671774
2019-06-27,0.003823212459416858,-0.0066166384249173316,0.009117938553022675,0.0,-0.008177652449770867,-0.004864359214219016,-0.0007824726134585402,0.013446396123561577,0.0035241630112847755,-0.0021276595744680327
2019-06-28,0.005757422425228809,0.010803346600601005,-0.03142801021410324,-0.004475887958417579,-0.010022034259719925,0.007144200037601189,-0.003132341425215235,0.0034664116662683764,0.005529196398550207,0.024520255863539342
